laissera;1
sourd;2
inclinait;1
distance;5
passé;6
profession;1
mèches;1
montrait;1
servant;1
tordit;1
donner;10
danseurs;1
admirables;1
mulden;7
respiration;2
courez;1
écrié;1
crânes;1
prononçait;1
exécution;1
priait;1
d’avancer;1
commanderai;1
insigni;1
fuirons;1
dominatrice;1
fanatique;1
revoie;1
rideau;4
partie;4
confuse;1
danse;1
animé;1
réveilla;2
lette;1
limoneuses;2
trempés;1
crosse;4
l’avons;1
quitte…;1
toussa;1
gratta;1
exterminé;1
guerre;7
légers;1
gloires;1
ignoble;2
appli;1
gravité;1
préparée;1
courage;2
encombre;1
gravés;1
prochain;1
plumes;1
passe;1
désarçonnée;1
d’éloge;1
effusion;1
flamme;2
humides;2
gardes;1
succédaient;1
l’hypnotiseur;2
explosion;1
monde;9
vient;5
recèle;2
pressé;2
meules;1
creusée;1
seule;6
arrivent;2
attendrons;1
lisière;1
d’hébétude;1
déchiquetées;1
contenir;2
auxquelles;1
rapprocher;1
réjouissait;1
retombaient;1
embrassèrent;1
entrait;2
livré;1
brave;5
volaient;1
jurez;1
servir;2
gracieux;4
salut;4
enthousiasme;1
sombres;3
ramper;1
devrait;1
crièrent;1
préposé;1
dernier;7
l’aimait;1
capital;1
noirs;3
efficacité;1
quelconque;1
l’exécution;2
menée;1
voiture;4
diriger;1
fleur;21
résolutions;1
éloges;1
oscilla;1
n’avez;4
tripleflèche;34
ménage;1
présence;3
repos;8
doutez;1
bûche;1
lorsqu’une;1
calmée;1
promets;2
ramener;1
opinion;1
voyant;4
recevoir;2
baisa;1
levés;1
d’affaire;1
éclaircie;1
poussée;1
donne;1
apaiser;1
traverser;3
endormis;1
vision;1
s’aventurer;1
m’enlever;1
puisse;7
laborieux;1
blessure;2
d’orage;2
devait;11
cracher;1
garçon;1
jetaient;1
vacarme;2
vaincre;1
colonel;2
l’eau…;1
misérable;5
exposé;1
voudra;1
saisir;5
liard;1
mécontent;1
tenons;1
voyage;2
danser;2
baisez;1
délivrer;3
m’avais;1
quant;1
relève;1
scène;1
vaste;1
difficultés;1
joyeusement;1
parole;7
aboutissent;1
savoir;9
fois…;1
poursuivaient;1
cassette;1
frappé;7
doute;9
puissance;2
coquin;12
arrivées;1
gémir;1
apprête;1
capitale;1
silhouettes;1
degré;1
poitrine;11
tuant;1
derniers;2
taper;1
impossible;3
s’ouvrit;2
conscience;1
coupés;1
mettant;1
preuve;2
colère;2
offrions;1
faufila;1
gredins;1
donnât;1
tournèrent;1
n’arriverait;1
percés;2
serrement;1
visite;2
indifférent;1
carabine;12
bande;25
fiancée;1
contracta;1
commanda;5
inertes;1
parlerai;2
garnison;1
ancienne;1
paierez;1
réprouvés;1
suprême;1
guettent;1
t’appartiendra;1
prononcé;2
porta;3
fidèle;1
donna;4
hérissée;1
diffèrent;1
changés;1
revenus;1
dressa;1
autres;26
épandit;1
gomorrhe;1
suive;1
j’aime;2
qu’il;102
sifflement;1
place;7
l’étrangeté;1
continua;12
espace;1
énergie;2
chambre;4
primitive;1
voisinage…;1
animal;2
rendait;2
vêtements;1
inventeur;1
aimer;1
conformer;1
trahirent;1
jouissait;1
cotonniers;5
rassasier;1
nerveusement;1
éplorée;1
ayons;2
membres;7
sauveur;1
françoises;1
l’orient;1
chevet;1
ravisseur;1
gosier;1
rentrez;1
années;2
poussent;1
devoir;7
dussions;1
dernières;1
jeunes;4
s’ouvrait;2
utile;2
prêts;2
serment;7
ébranlaient;1
laissant;1
fracasser;2
subitement;4
corrections;1
tonna;1
crevassées;1
cheyenne;7
ordonna;7
néanmoins;1
étonnés;1
spectrales;1
examinait;1
soutiré;1
herbes;1
brunes;2
serra;2
sembla;2
trace;2
monte;1
plupart;1
brouillard;1
costume;2
milles;3
coquins;9
précautions;2
journée;1
absolument;3
compagnon;4
saurait;2
triomphe;3
éviter;2
ombre;1
j’évalue;1
chiens;2
pendre;1
joyeux;3
l’orifice;1
bûcher;1
massue;1
parle;4
terreur;1
droits;3
pareil;3
pauvre;15
désagréablement;1
fâchée;1
fatigués;2
ouverts;6
secouant;1
s’effaçât;1
roulement;1
maint;2
débordant;1
semblez;1
praticien;1
s’accorder;1
familier;1
besoins;1
valides;1
partagerai;1
renommée;1
supérieures;1
électronique;3
chassés;1
refermer;1
noblesse;1
allaient;3
l’accomplirent;1
cimes;1
soyeuses;1
enseigné;1
triomphait;1
vieux;7
s’approcha;1
regrette;1
pense;6
entiché;1
bourreaux;1
véritable;2
recommandant;1
habiles;1
trouverai;1
d’obtenir;1
j’atteindrais;1
reçues;1
beauté;3
tient;5
chargée;1
lèverait;1
sodome;1
bevins;24
répondre;3
aujourd’hui;4
faciès;1
l’indien;11
durée;3
retentissante;1
délivrance;1
furtivement;2
n’êtes;3
sanguinaire;1
saura;2
paille;1
explications;1
retirent;1
l’invitation;1
aider;3
herbe;1
acclamation;1
l’emprise;1
n’empêche;2
l’ardeur;2
lueur;7
forêt…;1
d’amitié;1
appartenir…;1
espérer;1
poussa;6
coule;2
grêle;2
gardaient;1
change;1
dessus…;1
dirigèrent;1
loger;2
préparatifs;1
assaillants;1
souleva;4
suspectez;1
plusieurs;8
l’avis;1
d’honneur;1
écoutant;1
coupe;1
textes;2
torrentielle;1
fixèrent;1
vingts;3
vétéran;1
risque;1
mèche;1
m’intéresse;1
reuse;1
mirages;1
regard;10
l’affaire;2
clair;4
commencerons;1
situation;4
calme;6
réunis;1
autrement…;1
maigres;1
touchés;1
s’offrit;1
éblouissant;1
roula;1
imita;1
maisonnée;1
lecteurs;1
séparer;3
plongé;2
voudrais;1
réfléchir;2
manières;2
pouce;1
bâtie;1
permis;3
violents;1
j’appartiens;1
curieuses;1
ordinairement;1
l’empêcher;2
excellent;1
jeunesse;2
germe;1
annonce;1
haïssait;1
l’emporta;1
couteau;2
trompes;1
jolie;3
supra;1
laisseront;1
apercevait;2
tripes;1
ramené;1
prisonniers;3
riant;6
atten;1
atteint;4
sorcier;1
traverseront;1
osassent;1
secrètement;1
déchaînait;1
arrachera;1
nuit…;1
annoncer;1
resté;1
connaît;2
emparés;1
réponds;1
abandonné;2
points;1
s’élever;1
contentés;2
apercevant;1
appeler;3
kansas;16
inutile;1
arrive;1
résultat;1
jaillirent;1
évidemment;5
l’est;3
lançant;2
servante;2
verrez;2
l’introduisit;1
facilement;1
voulu;2
ferait;2
autrement;7
finalement;1
d’une;55
incident;2
noble;4
saisit;7
manifesta;1
passez;1
doutes;1
rappelons;1
docteur;1
enfonçant;1
déchirait;1
rasséréna;1
agence;1
encadraient;2
baiser;2
prendre;16
lumineux;1
dirigea;1
hésitent;1
profonde;3
devenues;1
jupin;1
elle…;2
longs;2
question;6
splendeur;2
s’accroupit;1
élevant;1
criblés;1
emportant;1
barrée;1
trousses;1
couper;1
serions;1
sauvages;3
l’éclaireur;2
levait;1
verdissait;1
courut;2
allons;18
confiez;1
royale;1
parlait;3
quatre;9
certes;2
festin;3
ennemis;5
pouvons;7
revenir;4
somnambulisme;1
fâchait;1
rousse;2
dormes;1
gâteaux;1
retentit;1
battre;1
quittèrent;1
pause;2
merveilleux;1
changement;1
direction;5
graine;1
motifs;1
entendit;5
connu;2
préparé;1
portée;3
pensez;3
prononça;1
étouffé;1
repoussa;1
n’avoir;3
répéta;4
d’alice;16
cachés;1
fracassa;1
bateau;1
désormais;1
garder;1
l’attelage;1
moustaches;1
paroles;13
merveilleusement;1
condi;1
sorte;9
grise;2
douleur;3
oublier;1
remporter;1
maison;28
représentait;1
broussailles;1
massif;3
construite;1
serres;1
langage;2
traits;8
perspective;1
radeau…;2
refusons;1
reliât;1
grosse;1
sucera;1
chapeau;1
calmez;1
d’horreur;1
mari…;1
glais;1
souhaite;1
d’ailleurs;6
putois;1
attendre;7
détruisit;1
troublé;1
finissent;1
survenu;1
sortait;2
joignit;1
démarche;1
qu’une;5
épais;4
paraissaient;2
montèrent;2
contrée;1
heureux;1
l’aidaient;1
pores;1
proie;4
blanc…;1
croiront;1
fortement;1
étonné;1
laissée;2
tombeau;1
roche;10
sente;1
l’enterrer;1
écrit;2
inanimé;1
haute;5
fraîche;2
n’ignorait;1
l’arkansas;24
l’emplir;1
facile;2
gigantesque;2
marche;2
emparer;1
d’autre;1
dispersés;1
l’assommer;1
perçait;2
accomplissement;1
l’avions;1
haussant;2
avons;14
pensât;1
périsse;1
éclose;1
pourquoi;17
armée;2
haine;2
meilleur;2
montrer;3
hurlait;1
suspendu;1
d’autres;4
fieffé;1
qu’anime;1
rompit;1
griffes;1
d’aucun;1
complètement;3
s’écria;48
pensé;1
rendre;7
tribu;2
dangers;1
aperçu;2
passion;2
n’ait;1
arbres;6
père…;2
troupes;1
déchirées;1
aperçut;2
hurlement;3
bientôt;11
l’adorent;1
puissant;2
pourrons;4
premières;1
raison;10
foyers;1
tieman;5
l’intention;2
trouver;6
soixante;2
tâtons;1
regarderai;1
préféra;1
décide;1
taine;1
précaution;1
voudras;1
attentifs;1
saurons;1
merveille;2
disposé;1
nommée;1
solitudes;1
possédait;1
intime;1
centaine;1
ébranlait;1
ravie;2
enfants;3
avais;1
reine;45
panique;1
retour;5
épaulant;1
roulait;2
donnerons;1
incomparable;1
terres;2
gémit;1
disposition;1
affaire;7
stupides;1
humaine;4
jambe;1
reconnaissance;2
l’endroit;4
lances;4
rappelait;1
barils;2
projectiles;1
resterai;1
retomber;2
hâtez;2
violence;2
ramassé;1
reste;11
rosée;1
aussitôt;13
bonheur;2
rouvert;1
cliqueter;1
retarda;1
s’avancèrent;3
chercheras;1
fiévreuse;1
rencontrait;1
perdus;3
réussissait;2
projette;1
s’adressait;1
s’assombrit;1
chargé;1
approchent;1
raisonnables;1
fidélité;1
suivirent;5
froncèrent;1
tiendrais;1
famille;2
arriverait;1
grave;1
grande;24
nouvelle;3
écoutait;1
termes;1
s’ils;5
transporter;1
discrétion;1
trompés;1
faisait;10
qu’aucun;2
émigrants;1
bouffée;1
avirons;1
raient;2
voleurs;15
réprima;1
prière;2
intégrité;1
risqueraient;1
célérité;1
entrouvertes;1
demeurer;1
accompa;1
régalera;1
s’entendait;1
protestation;1
médicales;1
j’avais;2
hoquets;1
libérateur;1
inactifs;1
allez;1
fendaient;1
martialement;1
battu;2
portaient;2
préparaient;1
l’ennemi;3
abandonnez;1
reconnue;1
sauvez;4
double;1
craquaient;1
ogallallas;32
d’aventurière;1
hennissement;1
grand;39
commander;3
enlève;1
geignait;1
surface;1
coucha;1
aboyaient;1
permettre;2
couvrait;2
sentiments;2
détruite;1
juste;8
retirez;2
jette;1
courts;3
audacieux;1
l’appel;1
prenne;2
vêtement;1
longue;6
rive…;1
grimpaient;1
regards;3
mettrait;1
m’est;5
souffrir;2
renverrai;1
lusion;1
reprises;2
s’écartèrent;1
fermes;1
préserver;1
renvoie…;1
dehors;10
tonneaux;5
redoutant;1
commis;1
pluie;6
brouillé;1
taille;2
perlé;1
blancs;9
adore;1
sauter;3
sauvera;1
supporter;1
vrais;1
arrangez;1
dormi;2
maîtresse;2
diras;1
proposition;3
d’eux;3
autour;16
quantité;2
prévenant;1
l’entendant;1
détour;1
régler;3
prairie;23
obligés;1
haleine;1
s’associent;1
mettrons;1
éperonna;1
n’oublierai;1
lèvres;14
larrons;1
malheur;2
l’éclaircir;1
avançant;1
rebord;1
sabre;1
inquiétez;1
gisaient;1
vous…;4
mirent;5
misérable…;1
endormie;2
accabler;1
prudente;2
nerveux;3
voyait;4
l’écurie;1
sommes;18
traversa;1
remise;2
pensées;2
pouvions;2
gisant;1
quelle;2
hautes;2
retiré;1
boîte;1
plaintif;1
écoute;3
assez;13
s’efforçaient;2
éprouvé;1
l’entendait;1
d’heure;2
tombe;3
redevenu;2
devaient;2
criminel;1
douloureux;1
rougeur;1
concentrer;1
arrivés;3
métis;9
rocher;8
remercier;5
l’expliquait;1
d’entre;1
reposera;1
procéder;1
amateurs;1
mains;25
déchirants;1
posant;1
s’abaissait;1
réflexions;1
vière;1
détachant;1
apprenant;1
pénètre;1
hypnotisme;2
paraissait;7
causer;1
fugitifs;1
livrée;1
perdue;6
l’épaisseur;1
vivre;2
qu’elles;1
déversait;1
revenait;1
étrangère;1
d’admiration;1
croyait;2
saluer;1
sentiers;3
toutes;7
puissent;1
esprit;18
amour;2
route…;1
secouer;2
tabac;2
l’abîme;1
ensorcelé;1
brillants;1
perdit;2
établi;3
sincères;1
écrasés;1
pénétrante;1
hocha;1
d’antilope;1
plume;2
figure;5
examinés;1
notablement;1
conduits;2
extraire;1
imprécations;1
justes;1
comment;11
lequel;8
lancée;1
l’apparence;1
entièrement;1
farouche;2
taire;1
funérailles;1
coquin…;1
champ;5
l’écrit;2
fussions;1
possédons;1
réveiller;2
s’adressa;1
s’allume;1
garantie;1
fouet;1
petite;28
dépassé;1
mesurer;1
défiez;1
d’airain;1
racine;3
devons;10
brilleront;1
livrerai;1
séparaient;1
trouvèrent;1
provisoirement;1
profondément;5
pierre;1
s’occupait;1
piller;1
tempête;10
jardin;1
accent;5
qualifiée;1
garantir;1
fermiers;1
posté;1
grâce;3
prononcer;1
l’apparition;1
m’aimes;1
gaillard;3
étendu;1
s’évanouir;1
vautours;1
tournait;1
résisté;1
campement…;1
rencontrer;1
s’aventura;1
aurait;9
retourner;2
dispersée;1
j’apporte;1
peine;20
bâtiment;1
résolu;2
n’éclairait;1
volant;1
bouleversé;1
faible;1
moindre;2
masquaient;1
lisaient;1
n’aurions;1
précipitèrent;1
valide;1
courait;3
s’adressant;2
c’étaient;2
pactiserait;1
volon;1
pressant;2
mélancolie;1
l’invention;1
d’être;5
avertissement;2
attendrir;1
protégeait;1
verras;1
pathétique;1
restait;1
illumina;2
criant;1
cowboy;4
mouillés;1
attendons;1
tambour;2
victoire;1
méprisaient;1
charge;1
texte;1
rement;1
ferma;2
renard;1
heures;6
fleuve;1
entourèrent;1
arriver;2
ogallal;1
volontairement;1
pleure;1
torture;2
regarde;5
j’amène;1
cueillir;1
carabines;2
l’adresse;1
croupe;1
souillé;1
marché;1
s’exposer;1
s’entend;3
bruit;9
clara;1
grandes;1
résistance;1
sibilité;1
tendue;1
l’enfermait;1
prestige;1
ruses;1
pendaient;1
longe;2
données;2
abrupt;1
serve;1
retombe;1
pidité;1
prête;4
promener;1
s’élevait;2
vitre;1
combattrons;1
m’appeler;1
moyen;1
envolée;1
guides;1
éloignés;1
conseillerai;1
appartenaient;1
blesser;1
celles;1
derson;1
plein;5
semblèrent;1
pointa;1
ferai;3
tombé;4
soyez;1
causait;1
abattus;2
fille;54
luisait;1
l’empêcherait;1
molle;3
prospérez;1
l’apprécier;1
sourire;1
feutre;1
cavaliers;11
servais;1
chasseur;22
d’aujourd’hui;1
l’amener;1
cédez;1
littéraires;1
accepter;1
région;1
insista;1
bandit;7
cacher;3
renseigne;1
déclara;4
prudent;1
chasser;1
prenons;2
trouvait;1
coursier;1
établissements;1
arbrisseau;1
oiseau;2
refera;1
arrivant;2
expres;1
écartez;1
abominablement;1
disposer;1
geste;5
décisif;1
enfer;1
pourrai;3
tenaient;2
librement;1
avidement;1
aimable;1
venaient;1
d’émigrants;1
venue;2
semblable;2
d’artificiel;1
solide;2
m’envoyer;1
tracé;1
compléta;1
leste;1
noires;1
également;1
contentera;1
nouveau;6
indiens;29
accourant;1
recourir;1
herbue;2
l’éternité;1
personnes;3
parais;1
plutôt;4
reparu;1
valeur;1
pousseraient;1
extrêmement;1
d’autant;2
auxquels;1
allongent;1
colline;2
aborder;2
l’eau;24
convaincue;1
indiquer;1
courte;4
occupés;2
traité;1
veiller;2
tenait;5
commencent;1
s’avançait;1
ajouta;2
servir…;1
blanc;8
soupir;2
hésitante;1
étourdie;1
charmants;1
loups;1
précise;1
complè;1
brillaient;1
reparais;1
désordre;2
rigoles;1
suscita;1
pleins;1
d’après;2
descendirent;2
gardée;1
rapprochait;1
enverrons;1
christinen;1
duquel;1
fleur…;1
empreints;1
arrivèrent;1
caressant;2
conduisit;3
nuage;1
l’avoir;2
obligée;1
sœurs;5
lambeaux;1
lâche;4
ruisseler;1
domina;1
chancela;2
reconnu;2
tremblement;1
plions;1
groupe;5
emporter;1
aussi;33
s’assurer;2
qu’importe;1
entendirent;2
disputes;1
placé;1
clameurs;1
t’arracher;1
coulaient;1
entendu;6
rumeur;1
regardait;3
contenta;1
raconta;1
seize;1
n’avaient;3
tement;2
gueux;4
littéraire;1
déployer;2
commettre;2
arrachée;1
saisi;2
chevauchait;1
l’enfer;9
l’éclair;5
opposer;1
immenses;1
tomberez;1
entouré;2
laissèrent;1
votre;42
immédiate;2
simplement;3
misérablement;1
volent;1
dépenser;1
débris;1
sottise;1
élaboration;1
vivants;1
enthousiasmée;1
rencontrions;2
obéissante;1
contact;2
troncs;3
rejoints;1
boucherie;1
brandissant;2
répit;1
remarque;1
immédiatement;4
fièrement;1
m’enfuir;1
régalèrent;1
refuser;1
réfléchissez…;1
sincérité;2
observé;2
rétribués;1
hypnotisée;2
faites;6
protectrice;1
pouvaient;2
crédit;1
précédente;2
prenait;1
fatigué;1
voulait;18
filles;2
solitude;1
troupe;7
fractuosité;1
envie;5
d’épouvante;1
baignent;1
débats;1
soient;1
guerriers;8
voici;3
mais…;3
échappait;1
précieuses;1
impraticable;1
portait;6
belles;2
intervention;1
gigantesques;1
jetèrent;2
mollement;1
retira;2
d’avis;3
fermés;1
endroit;4
s’étaient;8
dommages;1
tomba;5
amies;2
content;1
alice…;2
disparu;1
poings;1
vertus;1
hôtes;1
obligerait;1
désolé;1
jaunâtres;1
confier;1
notre;17
mettez;1
traite;1
qu’en;2
servi;1
l’audace;1
commandait;1
volontaire;1
égorger;1
d’écoulées;1
sauvé;2
trouvent;2
conseil;2
s’éloignaient;1
herbeux;1
puissamment;1
travers;5
bande…;1
tardivement;1
imagé;1
éperons;2
visse;1
squaw;9
bouché;1
sinistres;2
légitimes;1
mourut;2
défaut;1
nombre;7
battement;1
supplia;1
jure…;1
effet;14
court;2
rouge;13
temps;51
depuis;11
pardonne;2
fumante;1
considérable;1
sérieusement;1
éclaté;1
craignez;2
petites;1
généralement;1
ravisseurs;2
avare;1
rires;1
craignait;1
contre;29
éclat;1
soigneusement;1
plats;1
qualité;2
côtés;7
têtes;1
l’établissement;2
compact;1
qu’alice;4
s’enleva;1
cachée;1
trompée;1
washington;1
rappelez;1
flancs;2
réussir;2
forçait;1
n’attendit;1
tendait;1
compagnie;4
partage;1
pressaient;1
terminèrent;1
modestement;1
reformèrent;1
allemande;1
soumettre;2
groups;1
travail;3
instant;7
soyons;1
enlevée…;1
gardait;1
printemps;2
débuter;1
manière;7
résolus;1
choisir;1
luxuriant;1
nuits;1
touche;2
sombrero;1
cherchèrent;1
l’exemple;1
forces;3
fenêtre;2
blocs;1
prendrais;1
bords;1
l’enlèvement;1
cesse;2
disent;1
torrents;1
particulier;2
tenir;8
mieux;9
s’amusait;1
bravache;1
comprit;3
quatrième;1
tiraient;1
mérite;2
veines;1
sérieuse;1
gentleman;1
majestueux;1
penser;2
fonde;1
quitter;4
demain;2
renverrait;1
tuerait;1
poussière;1
secours;7
disparaissait;1
tromperait;1
pareils;1
frères;2
sillon;1
projet;1
glaciales;1
approche;1
aperce;1
déplora;1
malheureusement;2
tendit;5
bataille;2
emporté;1
c’était;20
remercions;1
courbant;1
toucheront;1
froidement;1
manquer;1
sauver;4
celle;5
vaudrait;1
rochers;3
faisaient;1
tendrement;3
s’emparer;2
goutte;4
purent;2
étendit;1
sanglots;1
serons;6
s’asseoir;1
gémissant;2
faite;3
m’avez;4
rescousse;1
pourra;2
envoya;2
recevions;1
frénétique;1
cohue;1
jambes;2
impérieuse;2
tentent;1
étoile;2
s’enfermèrent;1
commencèrent;1
ligué;1
paissait;1
arkansas;2
hankins;69
occupaient;1
gouverna;1
tarder;3
saute;1
altérée;1
obscur;1
tendres;1
croirai;2
laisserais;1
distinguaient;1
secret;3
circonstances;1
heureuse;1
repentir;1
fallait;4
trompez;1
suffisait;1
mandat;1
massacrer;1
caresse;1
corps;21
couvrir;1
route;6
brièvement;1
compris;1
exclusivement;1
surprise;5
église;1
ebooks;2
ceinture;5
dérouler;1
calibre;1
exemple;1
mules;1
auraient;1
flanc;2
avancée;1
médecin;3
effilé;1
peuvent;7
fréquenté;1
l’œil;2
queue;1
regardiez;1
nécessaire;1
chambranle;1
sentiment;1
creek;58
entendre;7
remettre;2
corde;2
peuple;3
l’ornement;1
intérêt;1
protégera;1
vaillante;1
parmi;4
effréné;1
visez;1
chaque;7
mystères;1
humains;1
pièce;1
pouvez;5
tions;1
poursuivront;1
radeau;13
maintenir;1
époux;2
félicite;1
buissonneux;1
fuligineuse;1
irais;1
flèches;2
fallu;2
savait;13
guerrière;1
voleur;3
tienne;1
fermé;2
domaine;1
besoin;12
fusil…;1
vainqueurs;1
kitty;8
voisinage;3
mangez;1
surveillaient;1
front;13
renversa;3
découpés;1
sauta;3
écrite;1
comprendre;3
s’inquiéter;1
éléments;1
partie…;1
appelle;2
tirèrent;1
plice;1
gagnés;1
trois;14
alors;24
garantis;1
rayons;2
s’agita;1
tardez;1
capable;1
conjure;1
dormeuse;1
dégringolent;1
vingt;2
dressez;1
force;9
ardeur;2
gonflé;2
triomphé;1
aperçoive;1
atteler;2
qu’auprès;1
nobles;1
devenue;1
blêmira;1
soleil;8
cours;6
interrompait;1
terre;26
s’élancèrent;1
campe;1
tendresse;1
s’est;12
possible;8
suicide;2
apprendra;1
prononcez;1
verra;1
accusés;1
rassurer;1
hypocrite;1
s’opposant;1
inspire;1
l’ignoble;1
vertu;1
valait;3
manteau;1
assurément;1
l’honneur;1
envoyait;1
sieurs;1
sauront;1
noire;9
atteindre;3
bénir;1
supporterai;1
tirerai;1
doutait;2
qu’avez;2
l’infernale;1
libératrice;1
fusil;24
butté;1
culbuta;1
peints;1
attendait;1
violez;1
tourner;1
mériteriez;1
croyant;1
bienvenu…;1
poursuivie;4
plongez;1
poussé;1
destinée;2
levant;5
ouragan;1
réduits;1
plantant;1
protec;1
caressants;1
campés;1
dressaient;1
attentivement;2
abandonne;1
n’ayez;1
dormez;1
gravirent;1
jusque;5
pressées;1
allumerons;1
teint;1
embuscade;2
toutefois;2
riche;1
assurée;1
s’affermit;1
l’avez;1
poteaux;2
m’escortaient;1
angoissait;1
couler;1
s’agenouillant;1
recharger;2
daient;1
n’avons;2
hâtivement;1
forêt;10
n’auront;1
séjour;1
lente;1
moustache;1
naturellement;1
fermant;1
placer;1
signifie;3
amuserez;1
négligemment;1
victime;8
devenu;2
tombèrent;3
deux…;2
existence…;1
m’appelle;3
laissait;1
motif;3
embuscades;1
continuer;2
transport;1
sanglotait;1
mépris;1
commandement;2
apparu;1
célébrerons;3
furieux;1
mensonge…;1
plonge;1
arracher;5
intacte;1
présent;2
retournait;3
considé;1
trouves;1
trouveront;1
prépare;1
besogne;4
sonore;2
vengeance;2
grain;1
dépit;1
nôtres;3
field;1
l’éclat;1
hideusement;1
forcé;1
classiques;1
jointes;1
labourait;1
résister;4
qu’un;17
yahoo;1
crotté;1
gardien;1
surent;1
procurer;1
distincte;1
trent;1
dormait;4
s’éleva;3
parcourut;1
soufrés;1
laisserait;1
accroupi;2
blessé;10
frapper;2
causeraient;1
apprends;1
honnête;3
apporté;2
plaines;1
larmes;9
lentement;5
quart;2
tiers;1
l’étroit;1
places;1
rejetant;2
entendent;1
escaladé;1
piquer;1
esprit…;1
contempler;1
traces;4
étends;1
élégant;1
glacée;1
boire;1
enfin;4
faute;2
ayant;2
trouverons;1
joignes;1
détacha;1
couleur;2
risquant;1
nageait;1
basses;1
s’écrièrent;1
emparée;1
englouti;1
abandonnons;1
importe;1
s’apercevoir;1
éclatèrent;2
d’effroi;4
tarde;2
connaissaient;1
détente;1
l’aube;2
l’herbe;3
américain;2
splendide;1
grosses;1
patricec;1
disparaître;2
douze;10
creusez;2
divinité;1
laissa;4
j’enlèverai;1
discret;1
parce;5
ajouter;1
copeaux;1
combats;4
auras;1
résolut;2
l’épouse;1
enroulée;1
savez;4
gèrement;1
triomphant;2
fracas;1
louanges;1
mouvements;1
calice;1
devenir;1
descendrait;1
perfidie;1
grièvement;3
ouverte;1
émotion;5
harnachés;1
rendue;1
écoles;1
chrétien;1
repoussant;1
quels;1
tures;1
caché;1
possibilité;1
perçu;1
retourna;2
éclairs;8
buvez;1
démons;3
enfield;60
d’allannah;12
cherche;3
couché;2
libérateurs;1
violente;1
profondeurs;1
protection;5
coolmicro;1
dollars;1
aperçus;1
réunies;1
éloigné;1
considération;2
qu’environ;1
enfonça;3
ventre;2
intérieure;1
intéressant;1
montés;1
frire;1
coutume;1
d’attirer;1
l’entendre;2
claire;1
forte;5
inclinant;1
tutelle;1
laissez;7
venez;4
détesté;1
résoudre;1
angoissée;1
l’envoyer;1
rauque;3
canaillerie;2
catastrophe;1
renseigner;1
crois;24
accoutumé;1
l’aurait;1
fortifier;1
reflet;2
comme;92
rênes;1
aurions;1
s’engagèrent;1
resta;3
pensa;1
ravissante;1
démon;1
hommes;55
grinçant;2
servirons;1
apportée;1
seconde;7
dormir;5
m’initier;1
indications;1
fatal;1
appartient;1
digne;3
indienne;7
dessous;3
désappris;1
rapporter;1
l’épouvante;1
détonations;3
recommencé;1
indien;16
personne…;1
desquels;1
blessent;1
laissé;6
sachez…;1
confusion;1
façade;1
brusque;1
boghei;3
abattre;1
épaulé;1
appris;3
jamais;15
rendirent;1
l’effet;1
pénétrait;2
entouraient;1
paraître;1
victimes;6
perdons;2
m’échapper;1
risquer;3
ordonné;2
véritablement;1
principal;1
plaine;3
accompagna;1
rapides;3
écoutèrent;1
aurez;2
réfléchit;2
reposons;1
ensemble;7
compter;3
bandes;1
gamins;1
déployait;1
comparable;1
inspirait;1
effleura;2
tenus;1
femmes;20
conjurait;1
célébrerions;1
l’île;40
diaboliques;1
rurale;1
sifflant;1
arrêta;2
géants;1
entre;13
plesse;1
gardent;1
chaud;2
singulière;1
donné;12
protecteur;1
vantez;1
direc;1
qu’était;1
reposa;1
circuit;1
cicatrice;3
mécontentement;1
accentués;1
d’avoir;2
joints;1
troublée;1
promouvoir;1
parvenue;1
l’acte;1
finesse;1
sursauta;1
aucun;7
n’ont;1
poêle;2
doigt;2
élevé;1
délicate;1
consulter;1
rencontre;2
sentait;1
aboutiront;1
dresser;1
croire;7
interrompues;1
accident;1
réussissons;3
quille;1
élancée;1
passions;1
tiendrons;1
sentant;1
l’ouest;7
mémoire;2
nager;3
nouvelles;2
expliquez;1
n’allons;1
commune;4
trouvée;2
enlever;1
reposer;1
retroussa;1
jaune;1
atteigne;1
froncés;1
répondis;3
chaient;1
remmener;1
dangereux;1
gratuits;2
lutte;7
pointilleux;1
déterminé;1
moyens;2
emportaient;1
vaillamment;3
ferme;25
ronde;1
fureur;2
surpris;3
sortit;4
considéré;1
têtes…;1
l’habileté;1
chérie;3
tomber;8
sible;1
trouvaient;2
sillonna;1
énormes;2
cruelle;1
grouillement;1
interrompît;2
d’admirer;1
nage…;2
sentit;3
branlant;1
quement;1
douta;1
conduisez;1
emmener;1
créature;6
brûlait;1
remue;1
signe;7
lorsqu’elles;1
n’aime;1
trompe;2
dressait;1
montrée;1
promesse;1
montrant;3
tombait;6
longtemps;20
sanglante;1
péniblement;2
rêveur;1
arbre;1
destructeur;1
poudre;7
agréable;3
finirons;1
reproche;1
règle;1
anderson;7
apportèrent;2
vienne;1
tristes;1
douce;2
naisseur;1
tromper;1
s’être;4
scalpe;1
soupçon;1
intervalles;1
tentative;1
jaunes;2
propose;1
trompent;1
dardant;1
poids;1
viennent;1
agite;1
navigation;1
fendre;1
devant;25
douceur;2
crispait;1
gagner;2
l’homme;15
tenais;1
assistant;1
participé;1
décidée;1
avoir;18
menace;1
connaissons;1
entends;1
perdez;1
descendent;1
revenaient;1
branches;4
l’expression;1
l’âme;2
précipiter;1
troué;2
cinglante;1
marchant;1
étoiles;2
l’arrachèrent;1
humaines;1
sance;1
célébrer;1
saurez;2
balle;15
bondissant;2
enlevée;2
mourant;1
pendant;37
cordial;2
s’assit;1
rendu;2
revient;2
trésor;1
pressa;2
quand;22
tilement;1
voltigèrent;1
mécréant;1
diminuait;1
penchant;1
trice;1
tremblant;3
quitta;3
lanière;1
heure;8
d’elle;5
l’oreille;5
hardi;2
souplesse;2
pressés;1
danserions;1
monstres;1
succéda;1
laisserai;1
sentier;4
épouvantable;2
leurs;40
toute;21
cédèrent;1
promit;1
rester;3
vitesse;2
discrètement;1
minute;10
générosité;1
d’observer;1
connais;11
actions;1
briller;1
effroyablement;1
calmer;1
postes;1
escaladaient;1
interrompit;4
briserait;1
possède;2
qu’effleurer;1
d’arbre;2
cache;3
congé;3
chaude;1
remarquant;1
mourir;6
déblayé;1
demeure;2
accompagné;2
unique;2
viens;3
monter;1
publiquement;1
raconter;2
perte;3
cessait;1
rincer;1
partit;1
poivre;1
botte;1
régalait;1
mobiles;1
s’agit;7
durent;1
m’établirais;1
reprit;21
satan;1
anfractuosités;1
légitime;1
confus;1
mande;1
attristés;1
l’une;1
racines;1
lions;1
posait;3
suivre;7
redeviendrais;1
massacrent;1
porte;16
possession;2
l’effrayante;1
parla;1
l’affection;1
songer;2
exécuté;1
intelligence;1
semblent;1
commission;1
auprès;7
désir;7
quelque;17
venus;2
d’avance;1
escorter;1
splendides;1
l’idée;1
entourée;1
d’herbe;2
parcouru;1
manques;1
tapage;1
pendu;1
restèrent;2
grève;1
inconnu;1
profond;5
solennel;1
ployer;1
lèvres…;1
boueuses;1
selle;5
deviennent;1
immédiat;1
crinière;1
dents;7
plaise;1
métal;1
doubles;1
arrêt;1
disant;4
confiance;2
moitié;2
l’impassibilité;1
remis;1
poigne;1
encore;52
équestre;1
dignité;1
franchir;4
n’aurai;2
renvoyée;1
tournant;2
gentille;1
émouvante;1
fuyez;1
physionomie;4
solidement;1
emportés;2
abriter;1
parlé;2
passa;5
relieront;1
étendue;2
d’hommes;4
informes;1
sortie;1
consulterons;1
crâne;5
blondes;3
l’esquif;1
vinrent;2
qu’évoque;1
s’enroula;1
faiblissant;1
fendent;1
fallut;1
montraient;1
tombant;1
voyager;1
menaçait;1
portant;1
m’être;1
vaient;1
maintenant;42
s’offrir;1
joyeuse;5
s’abattit;2
basse;6
t’émouvoir;1
armes;4
cherchait;2
quelles;1
tranquillement;2
capon;1
passait;3
transportèrent;1
gagneront;1
sauverai;1
disparut;3
l’honorait;1
stark;12
tirer;5
potence;1
durait;1
lancer;3
approché;1
femmes…;1
éclairant;1
favorisé;1
soutenir;4
n’aurais;2
désespérés;2
émergé;1
mordu;1
célèbre;5
pansement;2
prendrons;1
commerciale;1
lauriers;1
défendaient;1
hochant;1
canon;3
inquiétais;1
étonnée;2
protéger;1
située;2
darling;3
rattrapés;1
commença;3
tendre;3
oncle;6
mauvaise;1
massacré;1
changea;1
malheureux;8
bonnes;1
supplie;1
soudain;7
revint;4
tendant;2
diffé;1
sentinelles;1
remercia;1
moins;15
sonné;1
m’échapperiez;1
promenaient;1
partir;3
minutes;17
parents;1
mérité;1
employé;2
vingtaine;1
rencontré;5
faciles;1
marcher;2
salle;14
venir;9
suivit;2
hâtait;1
d’affaires;1
serpent;9
longuement;4
fanfaron;1
tordant;1
rarement;1
sourcils;2
pieusement;1
quoique;3
chevauchée;1
l’air;14
énergi;1
poursuite;5
droit;3
retournèrent;1
toucher;3
manier;4
surveiller;1
l’union;2
entra;1
chasse;4
comparaison;1
monté;3
permission;2
terrible;2
contempla;1
fondement;1
balles;13
alliance…;1
m’auraient;1
consultons;1
lement;2
convaincre;1
s’embrassèrent;1
envahit;1
éclataient;1
meilleure;5
dressent;1
baisait;1
signal;4
éloignée;1
horde;2
abattue;1
vibrante;2
dévorèrent;1
chaudes;1
allan;2
formaient;3
ravira;1
dirigé;1
caporal;5
vengera;1
méchante;1
faut…;1
serpentait;1
poteau;5
sèrent;1
d’exploitation;1
petits;3
instinctivement;1
briser;1
tente;14
stupé;1
oreille;2
suivez;2
regarda;6
nature;1
considérait;1
dispositions;1
jeter;4
mesure;1
rejeta;1
m’opposer;1
poste;2
foudroyée;1
d’hostilité;1
jaillissait;1
prétendre;1
fortifiés;1
restée;1
lamentable;1
commodes;1
morts;2
aiment;2
présenter;1
léger;3
mouvoir;1
damne;4
tomahawk;7
rapprochées;1
buisson;3
eussiez;1
hésitation;2
paisiblement;1
chagrin;1
tâcher;1
s’étendait;1
sombre;10
formait;1
témoignait;1
s’inquiétait;1
visible;1
accompagnerai;1
chose;14
mailles;1
stature;1
morceau;1
bride;1
malgré;3
apporter;1
sommets;1
jusqu’à;10
regardant;3
passer;9
remercie;2
sommeil;11
nouveaux;1
criait;5
entrés;1
créatures;2
ramène;1
blancheurs;1
demandez;1
commençaient;2
serre;1
blessures;3
empêche;1
tentation;1
d’inquiétude;1
conflit;1
parut;5
ennemi;5
brusquement;2
guère;1
cercle;2
construire;2
châtiment;3
réunions;1
serai;4
jusqu’au;4
rachètera;1
envoie;1
arriva;1
mêlent;1
rudesse;1
propre;2
apparaissait;2
pouvait;19
pencher;1
frémissant;1
reconnaissant;2
approchez;1
trouble;1
tempe;1
drôle;2
s’installa;1
serez;2
rafraîchit;2
frappa;2
méprisé…;1
fournir;1
autant;6
voulais;3
braves;1
conduire;3
montra;2
combattre;3
repartit;1
miséricorde;2
l’enfonça;1
davantage;5
auparavant;1
cody…;1
ordres;1
découvrit;1
raconté;2
sincère;2
fuite;9
considère;2
l’offense;1
horreur;2
promenant;1
mangea;1
alice;113
essayé;1
cavalcade;1
couverture;2
habilement;1
imprécation;1
jusqu’ici;4
guidé;1
pardonner;1
maigre;1
l’improviste;1
pensée;1
repartir;1
renvoyer;1
parois;1
petit;19
blonds;1
courageuse;2
butin;1
fatigues;1
importunerai;1
préservant;1
offert;3
circonstance;1
centaines;3
glissait;1
suite;10
lancèrent;1
abondamment;1
faire;55
magique;1
assiette;1
renvoyez;1
constituaient;1
bourrèrent;1
spectacle;4
rejailli;1
voudrait;1
coûte;1
entrée;1
aussi…;2
masse;2
murmurait;1
échangea;1
fortification;1
d’émotion;2
questions;1
fuyaient;1
gaieté;1
portefeuille;1
retentissaient;1
doigts;1
conclusion;1
talons;1
reconnut;3
remplir;1
revolver;5
accourait;2
approuva;1
l’écoutait;1
anxiété;1
informatique;1
trahison;1
flots;3
d’enfant;1
s’arrêtant;1
guerrier;13
simples;1
coula;1
fendu;1
enrouée;1
frappât;1
mêmes;1
sûrement;3
morgane;1
attacher;1
assaillis;1
genoux;4
étant;1
étreignant;1
bivouac;1
armés;2
finir;1
états;4
dirai;1
cochère;1
oreilles;1
fermeté;1
provision;1
parabolique;1
partez;1
déchargea;1
visiter;1
tresses;2
grand’chose;1
échapper;2
étaient;24
beaucoup;12
ruine;1
personne;6
terribles;1
réuni;1
n’auraient;1
consommé;1
admiration;1
l’hypnotisée;1
pouvoir;8
m’ont;1
d’accord;3
accueillit;1
rêves;1
rangea;1
entraînaient;1
gaiement;1
crépitement;1
évalua;1
tournée;1
seront;4
formidable;1
riposta;1
sanglotante;1
chemin;25
l’impression;1
territoires;4
écarter;1
brillé;1
qu’aucune;1
d’ébaucher;1
s’écoula;1
réunir;1
adresse;2
charger;1
espérances;1
écrasant;2
tapant;1
parfaite;1
seuil;2
perdu;5
j’espère;3
périr;1
blanches;3
oublié;3
l’aspect;2
frappante;1
diables;4
opposez;1
amical;3
livrait;1
comprends;2
immense;2
proche;1
approcher;3
gaillards;1
fourches;1
assujettissez;1
détonation;3
prierai;1
d’arbres;3
innocente;3
refermèrent;1
bonjour;1
obéissaient;1
l’occupaient;1
l’antilope;2
campement;24
croyions;1
course;1
cherchaient;3
époque;1
service;1
réunit;1
montré;1
tentes;4
donnerai;4
siennes;1
animaux;1
poursuivez;1
pousser;2
tombée;3
déchaînera;1
triste;5
délicieuse;1
témoin;2
réprimant;1
dienne;1
s’assombrissaient;1
admirablement;2
préparez;1
poursuivent;1
appétissants;1
moribond;1
compagnons;14
s’aperçut;1
conifères;1
lannah;1
écouté;1
échappèrent;1
convaincs;1
lugubres;2
acceptée;2
suspendirent;1
engagé;1
tairai;1
tristement;2
trait;1
n’éclaire;1
s’échappa;2
méprisante;1
ebooksgratuits;2
passionné;1
délibérer;1
lorsqu’elle;3
commodité;1
infernaux;1
raide;1
répliqua;2
livre;3
rangs;1
infernal;1
pourrait;7
frénétiquement;1
rafale;1
quelques;20
d’enthousiasme;1
m’empêcheront;1
était;95
s’appelait;1
garnie;1
embrassées;1
compagne;1
embrassait;1
raccourcit;1
patriarcale;1
donnait;3
échanger;1
quoiqu’il;1
souple;1
j’apparus;1
livrer;4
tournoyait;1
l’esprit;1
implacable;1
écoulée;1
nécessité;1
fillette;2
allées;1
n’avait;13
complet;2
inaperçus;1
puisses;1
l’entrée;4
espèce;1
raisons;1
tremblait;1
trésors;3
étrange;1
calumet;1
répandus;1
viendront;2
restés;3
poche;1
s’approchant;1
nocturnes;1
satisfait;1
récit;1
rapportaient;1
premier;7
veillerai;1
soutint;1
risques;1
cowboys;5
l’adversaire;2
blême;2
prochaine;4
charmé;1
sioux;3
rixes;1
coutumes;1
pitoyables;1
habituel;1
frappaient;1
mouvement;8
confierais;1
veuille;1
élèvent;1
vante;1
tempêtes;1
chevaucher;1
réchauffera;1
dégageant;1
tout…;1
engager;1
blond;1
choses;4
rapprochèrent;1
coulèrent;1
insolite;1
savais;2
s’attachaient;1
l’argent;1
indemnes;2
n’était;12
voulez;4
l’hospitalité;1
porteront;1
refusez;1
soigner;2
ajuster;1
convulsion;1
crainte;4
d’ardeur;1
aspirer;1
adresser;1
envoyé;2
portants;1
d’homme;2
signifiait;1
être…;1
menées;1
attela;1
troubler;1
jusqu’aux;2
maudissait;1
scalpes;3
serrait;1
culture;1
spacieuse;1
t’envoie;1
construit;2
chevaux;16
sentir;1
rentrer;1
s’occupaient;1
hérissait;1
l’animal;2
coups;15
orage;1
dépens;1
accoutumés;1
exerce;1
merci;1
supplice;5
vérité;4
cruche;2
conduite;1
conduisait;1
réveille;1
bagage;1
tuent;1
heureusement;2
sentira;1
pénétraient;1
munitions;1
chêne;1
aucune;11
l’occasion;4
envers;2
survivants;2
étendues;1
héros;6
culasse;1
réserve;1
perça;1
produite;1
retraite;3
halte;1
craignant;1
allongeait;1
arrivé;8
estimé;1
plaira;1
répète;1
vieille;2
éclatait;1
hésitant;1
l’aperçut;1
traîner;1
n’eussions;1
brouille;1
couchée;2
m’envoie;1
passant;1
pleurant;1
arrogamment;1
baguette;1
rôtie;1
gardés;1
cipiter;1
balançait;1
quitté;2
traîtrises;1
essayons;1
stupéfaction;1
gnage;1
n’avais;1
nuque;1
indiquera;1
tremblerai;1
l’asphyxie;1
perles;1
roches;11
chicago;2
fatigue;1
d’accélérer;1
devine;1
écoutez;2
l’heure;11
dessus;13
secrète;1
habitaient;1
soignée;1
chants;1
souffre;1
cause;2
voyez;6
remplit;3
abattu;2
chien;5
dormaient;1
qu’enfield;4
éclairait;1
alors…;2
précipitè;1
emportée;1
chapitrer;1
repaître;1
attendent;2
conversion;1
debout;6
violon;4
verrai;1
knife;5
irlandaise;1
arracherais;1
délicats;1
renversé;1
buffalo;242
retenu;1
clairement;2
serpentant;1
tiendrait;1
cribles;1
plaignez;1
arrêtés;1
boirons;1
volée;1
monticule;1
vigilant;1
mystérieuse;2
timbrée;1
serrer;3
jouait;4
d’alarme;2
décida;2
garde;5
déchirer;2
venues;1
sujet;1
laquelle;5
emmené;2
extraordinaire;2
d’allonger;1
d’assentiment;1
corters;130
rattraper…;1
parcours;1
suffit;1
d’emmener;1
d’assez;1
d’échapper;1
connaissances;1
regardaient;2
enlevé;2
décidément;1
formant;1
combat;11
désireras;1
connue;1
blanchir;1
sachez;1
retenir;4
douleurs;2
marchait;1
chenapans;3
crispa;1
d’entrer;1
partagea;1
propos;3
tomahawks;2
craindre;1
siens;4
s’abriter;1
continuez;1
derrière;25
l’envi;1
livrèrent;1
chancelant;1
prenez;2
couteaux;1
fumant;1
reconnaissants;1
s’armer;1
frayeur;2
revers;2
demain…;1
rapport;2
excitait;1
décider;1
jaillir;1
rendez;1
morte;1
nouvel;1
intimider;1
ferez;1
s’approchait;2
prairie…;1
allumer;2
plaie;1
pratiquaient;1
dévoilerai;1
animaient;1
voilà;12
célébrons;1
effroyable;4
réussissais;1
l’accueil;1
criblaient;1
aimait;1
cheveux;6
arrière;10
destruction;3
vivement;6
chait;1
l’engloutir;1
arrangé;1
examiner;2
rivière;15
improvisé;1
refaire;2
jours;2
infernale;1
sympathie;2
n’échangea;1
pénombre;1
pieds;5
roses;1
relever;1
regardèrent;1
chacun;5
portent;1
connaissait;2
découvrir;2
s’était;21
brilla;1
retentirent;3
précipitation;1
immobile;3
laisser;11
serrant;2
telle;4
ronflements;1
coupée;1
formé;2
galop;6
jambons;1
greaves;4
suffit…;1
allannah…;1
connaissance;1
homme;38
vilaine;1
salue;3
montrez;3
lettre;2
attachées;1
sérieux;2
dessein;2
n’échapperiez;1
noyaient;1
dédaigne;1
chasseurs;1
volonté;8
tiges;2
desperados;2
rapide;5
murailles;2
viser;1
terrestre;1
abominable;1
cadavre;2
quatorze;1
platte;1
festoyeurs;1
combien;1
relevé;1
difficilement;1
emporterait;1
original;4
ouvrit;4
celui;11
pourvu;1
pouviez;1
donnèrent;1
grèves;1
bonne;11
m’enverra;1
découvert;3
venait;5
emporte;1
bouillante;1
secondes;1
cruellement;1
environ;5
suivi;2
promena;1
d’aspect;1
mener;2
courtes;1
déjà…;1
bouillie;1
l’enfant;6
remarquer;1
directions;1
vincentr;1
ville;1
grondeuse;1
persuader;1
prirent;2
tiendrai;2
comptes;4
résolution;1
cents;3
clamation;1
l’humidité;1
l’élaboration;1
dirigées;1
puisqu’il;1
mauvais;11
trant;1
paternelle;1
santé;2
amicalement;1
maudit;1
presser;2
t’attend;1
barbet;1
mettaient;1
droite;5
regarder;6
allannah;57
trouvons;1
s’éloignèrent;1
camarade;3
plans;3
défendue;1
poing;4
magasins;1
humeur;1
entreprendre;1
appuyé;3
large;4
premiers;1
l’inondant;1
d’obéir;1
échappa;1
gazon;1
placés;1
disait;6
écurie;1
odeur;1
violem;1
conversèrent;1
n’atteindre;1
délivrée;2
valoir;1
enseveli;1
enleva;2
dirigeaient;1
cette;86
maintenue;1
frissonnante;1
souper;1
étendirent;1
célébraient;1
s’expliquer;2
blêmes;1
reproches;1
anéantiraient;1
continu;1
épiés;1
tireur;1
nomme;1
tombés;4
rougissent;1
trouvera;2
recula;1
déchargeait;1
veilla;1
enfield…;2
reverras;1
cérémonie;1
chargeant;1
alarmée;1
s’avouer;1
accompli;1
reçurent;2
mette;1
s’améliore;1
versèrent;1
l’âge;1
fameux;3
visage;17
souffrirai;1
prend;1
aventure;2
d’autre…;1
coffre;2
orgueil;1
poursuivre;3
peaux;10
supérieur;1
renouveler;2
déraciner;2
prématurément;1
surmonta;1
d’arracher;1
proposez;1
aveuglément;1
méprise;2
gauche;3
calculs;1
beaux;2
femme…;1
trouvez;1
milieu;9
frère;5
adieux;1
absorbé;1
qu’ils;15
détails;1
réponse;5
sachant;1
avaient;40
connaître;2
continuons;1
fumez;1
convenait;1
sulfureuse;1
firent;4
gisait;1
j’irai;1
certaine;7
embarras;1
fiançailles;1
entendez;4
repoussé;1
suffi;1
agitée;1
enfermer;1
puissante;2
avances;1
inquiétude;3
épaule;2
désespoir;5
nettement;6
plaisait;1
agitation;2
rendent;1
passage;2
extraordinairement;1
inanimés;1
ainsi;18
richesses;1
devint;1
abondante;1
chevelure;4
troisième;1
chéries;1
campagne;2
faisant;2
malin;1
lorsqu’on;1
chère;4
retournant;1
jouer;1
recevez;1
défilé;1
d’entendre;1
professionnelle;1
demande;1
défendre;1
rapidité;1
s’éloigna;1
s’écartaient;1
rapidement;6
monture;2
froid;2
nourrir;1
convoiteuse;1
group;1
première;7
misérables;3
rosées;1
énergiquement;1
espionner;1
habitait;1
occupé;1
occasion;3
coûterait;1
trouverez;1
couple;1
elles;16
considéraient;1
diquant;1
l’entouraient;2
l’effroi;3
revue;2
l’abri;1
dépêchés;1
porter;8
entendait;1
retrouve;1
serré;1
venger;2
calmèrent;1
attention;7
pencha;2
châtiera;1
filaient;1
désert;1
bienvenue;2
mensonge;1
l’ogallalla;3
wigwams;1
excellente;3
s’adossaient;1
occuper;1
invisibles;1
chuchota;1
d’humain;1
inquiet;1
précipités;1
gredin;1
emplissait;2
fermèrent;2
jadis;1
boucles;5
demanda;16
hurleur;1
n’allassent;1
désirer;1
fourrage;1
épaules;5
personnage;1
auquel;1
cascatelles;1
balayés;1
mortellement;2
secours…;1
adieu;3
évidence;1
lorsque;20
construites;1
trouvé;3
vivrais;1
blanche;38
l’extrémité;1
tressaillement;1
mériter;1
avertir;2
trale;1
montait;1
demandait;2
l’étrier;1
porterai;1
réussit;1
amoncellerait;1
s’endormirent;1
s’arracha;1
tiens;2
commun;1
réussi;1
j’attends;1
perdues;3
musicale;1
l’alarme…;1
gens…;1
gibiers;1
détendirent;1
chercha;1
caverne;2
d’arbustes;1
commise;1
arrêtez;1
maisonnettes;1
insolent;1
flamboyant;1
couchant;2
croyez;2
vivaient;1
emmenèrent;1
sanglotant;3
lorsque…;1
exécuter;1
d’environ;1
manger;1
meilleurs;3
divine;1
adversaire;2
siège;2
aller;7
attaquer;2
gouverner;1
étions;2
distinguer;1
bouche;6
particulièrement;5
supporté;1
prêtes;3
gratitude;2
désirerai;1
perçants;2
affolées;1
crépitaient;1
lourds;1
redoutaient;1
fièvre;2
veulent;2
imposer;2
vouait;1
peinturées;1
surgir;2
courageux;1
marie;4
immixtion;1
l’aventure;2
donnerais;1
l’autre;17
d’habitation;1
voyons;2
frank;16
qu’on;14
honneur;2
convoi;1
utiliser;1
tonnerre;11
effaçait;1
fenêtres;4
toujours;25
réellement;3
fusils;6
précipita;3
plaisir;2
s’établir;1
appuya;1
fausse;2
naissance;1
coururent;2
gorge;3
défense;3
dernière;4
l’effeuilles;1
produira;1
foule;1
règne;1
effort;1
vieil;8
assuré;1
compte;5
lieutenant;1
revenez;1
baissa;2
rouges;24
reculèrent;1
cheval;43
reverrai;2
décrire;2
cheyennes;45
l’obscurité;1
interlocu;1
barbe;13
faveur;2
l’étendue;1
s’élança;1
seulement;13
ornement;1
conjuré…;1
arbuste;1
surplombants;1
j’aurais;1
pardonniez;1
sûreté;7
viant;1
franchement;1
appel;3
étriers;1
l’explosion;2
arrachés;1
voulaient;2
activité;1
foudre;1
redressé;1
entend;1
écumait;1
j’établissais;1
enroués;2
s’éveille;1
murmura;13
convenir;1
l’approche;1
commerce;1
trembler;2
l’amour;1
partager;1
message;2
généreux;1
entendant;4
poursuivrons;1
tournez;1
dépourvu;1
pensons;1
attaqués;2
colons;1
éclats;1
épuisante;1
allés;1
deviendra;1
baisse;1
déployaient;3
décidez;1
sourde;4
dédaigneux;1
n’allez;1
révérence;1
tourbillons;1
mutuellement;2
fumée;1
affaires;2
dégouttait;1
hanches;1
fixes;1
continué;1
ogallalla;11
protèges…;1
contemplant;1
trouva;4
grands;5
gardé;2
charme;1
terriblement;2
jeune;66
vement;1
vivra;2
maîtriser;1
tourné;1
éclatant;1
belle;20
l’hypnotisme;1
m’effrayais;1
l’assaut;2
gravi;1
étais;2
pleine;3
esquif;1
souriant;2
habitude;1
appuyée;2
blessée;5
pagnons;1
parti;1
voiles;1
après;23
eurent;6
malintentionnés;1
façon;8
vivres;1
solides;1
pressait;1
buckskin;6
s’éloignait;3
s’ouvrir;1
fussent;2
m’aimer;2
crains;4
n’hésita;1
défen;1
remerciements;3
d’esprit;1
repris;2
tourmentait;1
canaille;1
principales;1
flammes;2
livrés;1
remarquablement;1
soulever;3
qu’autant;1
bandeaux;1
n’aurait;2
t’ordonne;3
cheyennes…;1
déchargé;3
maître;5
brûlaient;1
trompé;1
doivent;4
bandits;17
innocent;1
saurai;4
sauvée;2
l’aide;1
lotty…;1
conduit;1
ordre;2
nette;1
virent;5
expression;4
attaque;6
l’étrangla;1
lugubre;1
prévenue;1
reposais;1
reposait;1
devais;1
n’importe;1
pêcher;1
ouvre;1
bavardant;1
servaient;1
d’émeraude;1
vénération;1
perversité;1
rattraper;1
rejoindre;1
intrépide;1
pocrites;1
l’intelligent;1
convenablement;1
encadrement;1
haut…;1
régna;1
chute;2
meurtrières;2
heureuses;2
semble;1
releva;3
l’écart;4
renonça;1
goûter;1
sentent;1
vraiment;6
venger…;1
aurons;3
artifices;1
hachés;1
d’ennemis;2
tirait;1
libre;4
pleflèche;1
aimée;3
coucher;3
fouil;1
édition;3
marchèrent;1
mugit;1
bowie;5
terme;1
s’efforçait;2
nullement;1
s’entrouvraient;1
éclair;5
tendez;1
allait;7
ravissant;2
soumets;1
supposer;1
défendait;1
mère…;1
ensuite;1
voulons;1
m’aurait;1
blante;1
courant;2
perdre;9
objet;1
payer;1
éloignez;1
s’affala;1
m’avait;3
m’ayez;1
l’avait;6
arrivera;1
battit;1
desséchait;1
nuées;1
s’intitule;1
entourait;1
prenant;4
gosiers;1
barrer;1
pourtant;6
vallée;1
rapprocha;1
tronc;1
craquement;2
trous;1
tombent;1
l’après;1
mettons;2
cependant;11
couvercle;1
assura;1
matin;8
avant;31
chemins;2
rouler;1
nécessaires;2
fourberie;1
crépitèrent;1
songeait;1
loyale;1
souffle;2
sapin;2
honnêtes;1
livres;1
prenaient;3
d’opérer;1
confie;1
paisible;2
imprudent;1
d’indien;1
outrage;1
seuls;4
cultiver;1
commenceraient;1
chacune;1
phoque;2
colombe;2
l’ordre;3
tireurs;1
qu’avec;3
moment;30
carreaux;1
genou;1
accoutumées;1
réussirons;1
causé;1
relevant;2
descendue;1
stupidité;2
recul;1
messager;5
pourrez;1
extérieur;1
monterait;1
marmoréen;1
doucement;1
brigand;3
enragé;2
serais;1
s’assura;1
favorable;1
mortelle;3
emmenons;1
révéler;1
s’arrêta;1
tourna;4
brigands;1
importance;1
allumerez;1
frotta;1
blessés;2
hurlant;2
marchions;1
douloureuse;1
francs;1
blessant;1
silence;13
formes;1
conserver;1
jetant;1
accueillir;1
train;1
précieux;1
prendrai;1
fascicule;1
d’entraîner;1
d’enfield;1
entrèrent;1
effrayée;1
sifflèrent;1
sueur;1
inopinément;1
craignent;1
ridicule;1
pénétrer;2
violemment;3
périrai;1
qu’allannah;7
trouverait;1
perfide;1
pipes;1
femme;45
décision;1
folie;1
tardèrent;3
l’appétit;1
science;1
l’orage;5
lorsqu’il;15
troublerons;1
cadeaux;1
mienne;3
puissantes;1
installé;2
vagues;8
suppose;1
touché;1
nébuleuse;1
gréable;1
obéir;2
feriez;1
humain;1
fournit;2
apparaissaient;1
d’agonie;2
asseyez;1
machinalement;1
mères;1
réclameraient;1
règnent;1
appelé;4
enfant;26
d’aile;1
élancés;1
camarades;2
désespéré;1
œuvre;1
savent;6
régnait;4
assise;7
d’ours;3
apportez;1
lorsqu’ils;4
l’agence;8
nageur;1
indiqué;3
point;15
appelait;1
efforts;2
amis…;1
changer;1
scélérats;1
poursuivit;1
d’œil;9
abats;1
vraie;1
saisirent;4
lointain;2
paysage;1
enfant…;3
aveux;1
regardez;1
fusillés;1
pleurer;2
dressant;1
horrible;1
harnais;1
prunelles;1
ferons;4
mettras;1
flotte;1
yvette;1
douloureusement;1
tués…;1
sauté;1
suivrez;1
lesquels;1
towners;34
entraînés;1
aperçurent;2
s’écartant;1
restera;1
levèrent;1
l’avais;2
riait;1
babiller;1
qu’arrivera;1
légère;3
dommage;1
attendaient;2
départ;2
suffisamment;1
précision;1
folle;1
heureu;1
qu’au;4
ombres;1
tournure;1
puisque;2
élancé;1
considérablement;1
serait;12
étouffée;1
hésiter;1
magasin;3
tordait;1
marquée;1
mettre;9
regagna;1
fascinés;1
n’avertissons;1
tumultueux;1
zébraient;1
nuages;3
lancés;1
tranquille;2
lumière;3
bandoulière;1
protège;2
tresse;1
tendu;2
dépassez;1
dispose;1
existe;1
gracieuse;5
chevau;1
avait;112
entraîner;2
diabolique;2
forme;1
cessé;1
pourriez;2
poursuivait;1
ténèbres;4
grand’peine;1
délivrées;2
bougé;2
éclatera;2
caresser;2
reçue;1
appliquait;1
orages;1
mille;2
battant;1
noces;4
chaleureusement;1
cinquante;1
vague;1
libres;3
poral;1
n’est;33
semblait;6
parler;4
légèrement;3
enseigne;1
pauvres;1
qu’est;8
convenu;1
poursuivants;1
vierge;7
sement;1
courir;6
frisson;3
t’épargneront;1
d’assaut;2
c’est;60
sortira;1
démontré;1
pleurait;1
surtout;3
laissent;1
entoura;1
trouveras;2
l’espace;1
pensaient;1
sifflé;1
s’exprimait;1
publication;1
l’ont;1
poisson;1
douter;1
pâture;1
tumulte;1
répondit;41
pressentir;1
n’eusse;1
tairez;1
surprendre;1
malade;2
joues;6
provenir;1
difficile;4
fortune;1
secouait;1
avancé;1
prisonnières;1
d’argent;2
essayer;1
gravement;1
s’approcher;3
d’ici;3
résonna;2
genre;1
matières;1
brisées;1
souvent;2
chercher;7
suffisantes;1
papillon;1
partiras;1
fosse;1
presque;9
s’accrocher;1
autre;13
d’orgueil;1
probablement;2
bord…;1
amoncellements;1
diable;5
d’espoir;1
l’enfoncer;1
justice;1
quarantaine;1
s’élèvent;1
soulevait;1
abandonnait;1
creusa;2
partout;4
m’éloigne;1
choisi;2
perpétuelle;1
lallas;2
sortir;3
pourras;1
caboche;1
fracassant;1
table;6
refusai;1
changé;1
arrivée;1
qu’elle;31
février;1
félicité;1
herbues;1
affreux;1
clairière;1
tremblé;2
nulle;1
sommet;2
refluait;1
luisants;1
mary…;1
attend;4
l’impossibilité;1
prêté;1
chance;2
d’efforts;1
jouât;1
sauvage;11
portèrent;2
répand;1
chassons;1
telée;1
durer;2
dormeur;1
devez;3
l’instant;4
ramasseras;1
donnez;2
devinrent;1
mortel;2
danger;6
poignée;2
jaunâtre;1
plaints;1
honorablement;1
fermez;1
crime;1
voulant;1
cadavres;1
conversation;5
ouvrirent;2
l’épaule;4
pareille;1
l’attaque;5
cordialement;1
quittaient;1
vouloir;2
envoient;1
l’ambition;1
fracassées;2
mystère;3
discutant;1
écharpe;1
blonde;1
recueillait;1
détacher;1
bouquet;1
terrestres;1
deviné;1
éclai;1
requise;1
remarqua;4
hauteur;1
vivant;2
témoi;1
usage;1
dressé;2
d’eau;10
connaissez;1
distinctement;2
obstiné;1
trouve;3
inutilement;2
rameau;1
moelleux;1
incliné;1
chair;1
silencieuse;2
bêtes;6
hurlements;1
rieux;1
cassé;1
meute;2
amena;1
provoquer;1
voile;4
taque;1
commencé;1
inaperçu;2
d’agir;1
cruels;1
envoyer;3
furent;12
laisse;3
fants;1
poncho;2
niaiserie;1
l’infortunée;2
déclaré;1
panser;1
crier;2
d’enfants;1
méchants;1
imaginer;1
vaillant;5
tandis;4
inquiets;1
propriété;1
s’inclina;4
éternels;2
émerveillement;1
dédain;1
condition;1
lotty;69
l’entraîner;1
promis;3
parfaitement;1
laisserons;1
fiantes;1
foncé;1
lever;2
donnés;1
entrepris;2
battait;1
embarquèrent;1
tempes;1
prise;3
projets;1
